Old,New,Secondary
Aalto University,Aalto University,
"AgResearch, New Zealand","AgResearch, New Zealand",
Aquaveo LLC,"Aquaveo, LLC",
"Aquaveo, LLC","Aquaveo, LLC",
Aquaveo,"Aquaveo, LLC",
"Asian Institute of Technology, Thailand",Asian Institute of Technology,
"Associated Earth Sciences, Inc.","Associated Earth Sciences, Inc.",
Austin Community College,Austin Community College,
Basque Water Agency,Basque Water Agency,
Boulder Creek CZO,Boulder Creek CZO,
Brigham Young University,Brigham Young University,
BYU,Brigham Young University,
Campbell Scientific,Campbell Scientific,
Carnegie Mellon University,Carnegie Mellon University,
Central Utah Water Conservancy District,Central Utah Water Conservancy District,
The City College of New York,"City University of New York, City College",
"The City College of New York, City University of New York","City University of New York, City College",
City University of New York / City College,"City University of New York, City College",
"Colorado School of Mines, Hydrologic Science and Engineering",Colorado School of Mines,
Colorado State University,Colorado State University,
Lamont Doherty Earth Observatory/Columbia University,Columbia University,Lamont Doherty Earth Observatory
Cornell University,Cornell University,
CUAHSI,CUAHSI,
DePaul University,DePaul University,
Academy of Natural Sciences of Drexel Univeristy,Drexel University,
Duke University,Duke University,
Eel River CZO,Eel River CZO,
"Freshwater Monitoring, LLC","Freshwater Monitoring, LLC",
gCorax Technologies,gCorax Technologies,
GECOsistema srl,GECOsistema Srl,
Geologist At Large,Geologist At Large,
HydroShare,HydroShare,
HydroShare Team,HydroShare,
Idaho State University,Idaho State University,
"Indian Institute of Technology Madras, India","Indian Institute of Technology, Madras",
InLogic IT Solutions Dubai,InLogic IT Solutions Dubai,
Internet Service Providers,Internet Service Providers,
Iowa State University,Iowa State University of Science and Technology,
IAUCTB,"Islamic Azad University, Central Tehran Branch",
iUTAH,iUTAH,
King County,King County,
Kobe University,Kobe University,
Kompetenzzentrum Wasser Berlin gGmbH,Kompetenzzentrum Wasser Berlin gGmbH,
"Lancaster Environment Centre, Lancaster University, UK.",Lancaster University,Lancaster Environment Centre
LimnoTech,LimnoTech,
Louisiana State University,Louisiana State University at Alexandria,
Michigan State University,Michigan State University,
NASA Goddard Earth Sciences Data and Information Services Center (ADNET Systems),NASA Goddard Earth Sciences Data and Information Services Center,ADNET Systems
NCAR,National Center for Atmospheric Research,
National Ecological Observatory Network,National Ecological Observatory Network,
NOAA/NWS/NCRFC,National Weather Service,North Central River Forecast Center
None, ,
Nooksack Indian Tribe,Nooksack Indian Tribe,
North Carolina State University,North Carolina State University,
Northwestern University,Northwestern University,
The Ohio State University,Ohio State University,
PSU,Pennsylvania State University,
The Pennsylvania State University,Pennsylvania State University,
Pondpro2000,Pondpro2000,
PUC Minas,Pontif�cia Universidade Cat�lica de Minas Gerais,
US EPA; Purdue University,Purdue University,United States Environmental Protection Agency
Purdue University,Purdue University,
RENCI,Renaissance Computing Institute,University of North Carolina at Chapel Hill
RENCI at University of North Carolina at Chapel Hill,Renaissance Computing Institute,University of North Carolina at Chapel Hill
"RENCI, University of North Carolina at Chapel Hill",Renaissance Computing Institute,University of North Carolina at Chapel Hill
RESPEC,RESPEC,
Shale Hills CZO,Shale Hills CZO,
South Florida Water Managment District,South Florida Water Management District,
Southern Utah University,Southern Utah University,
Tech Impact,Tech Impact,
Testlabs,Testlabs,
Texas Advanced Computing Center,Texas Advanced Computing Center,
The Nature Conservancy,The Nature Conservancy,
Tulane University,The Tulane University of New Orleans,
Tufts University,Tufts University,
Tufts University/CUAHSI,Tufts University,CUAHSI
U.S. Army Corps of Engineers,U.S. Army Corps of Engineers,
USACE,U.S. Army Corps of Engineers,
US Army Corps of Engineers,U.S. Army Corps of Engineers,
UNC Institute for the Environment,UNC Institute for the Environment,
UNC Institute for the Environment UNC Institute for the Environment,UNC Institute for the Environment,
UNESCO-IHE Institute for Water Education,UNESCO-IHE Institute for Water Education,
US Geological Survey,United States Geological Survey,
USGS,United States Geological Survey,
U.S. Geological Survey,United States Geological Survey,
UCAR,University Corporation for Atmospheric Research,
University of Arizona,University of Arizona,
University of British Columbia,University of British Columbia,
"University of California, Berkeley","University of California, Berkeley",
UCSB,"University of California, Santa Barbara",
University of California - Santa Cruz,"University of California, Santa Cruz",
University of Cincinnati,University of Cincinnati,
University of Colorado at Boulder,University of Colorado at Boulder,
"University of Colorado, Boulder",University of Colorado at Boulder,
University of Delaware,University of Delaware,
University of Florida,University of Florida,
University of Georgia,University of Georgia,
University of Idaho,University of Idaho,
University of Illinois at Urbana-Champaign,University of Illinois at Urbana-Champaign,
UIUC/CyberGIS,University of Illinois at Urbana-Champaign,CyberGIS
University of Iowa,University of Iowa,
The University of Iowa,University of Iowa,
KU,University of Kansas,
"Centre for Water Resources Research, University of KwaZulu-Natal",University of KwaZulu-Natal,
University of KZN,University of KwaZulu-Natal,
University of Maine,University of Maine,
"University of Maryland, Baltimore County",University of Maryland Baltimore County,
The University of Memphis,University of Memphis,
University of New South Wales,University of New South Wales,
UNC Chapel Hill,University of North Carolina at Chapel Hill,
UNC-CH,University of North Carolina at Chapel Hill,
University of North Carolina at Chapel Hill,University of North Carolina at Chapel Hill,
"University of North Carolina, Chapel Hill",University of North Carolina at Chapel Hill,
University of Palermo,University of Palermo,
University of Pennslyvania,University of Pennsylvania,
University of Pennsylvania,University of Pennsylvania,
University of Pittsburgh,University of Pittsburgh,
University of South Carolina,University of South Carolina,
University of Texas,University of Texas,
University of Texas at Austin,University of Texas at Austin,
University of Texas Rio Grande Valley,University of Texas Rio Grande Valley,
University of Twente,University of Twente,
University of Utah,University of Utah,
Univerity of Utah,University of Utah,
University of Vermont,University of Vermont,
University of Virginia,University of Virginia,
Univeristy of Virginia,University of Virginia,
University of Washington,University of Washington,
University of Washington - Seattle,University of Washington,
University of Washington APL,University of Washington,
UW,University of Washington,
University of Wyomin,University of Wyoming,
University of Wyoming,University of Wyoming,
US EPA,United States Environmental Protection Agency,
"USPCAS-W, MUET, Jamshoro",Mehran University of Engineering and Technology,U.S.-Pakistan Center for Advanced Studies in Water
"University of Massachusetts at Lowell,Mehran University of Engineering & Technology",University of Ma
"Utah Water Research Laboratory, Utah State University",Utah State University,Utah Water Research Laboratory
USU,Utah State University,
Utah State University,Utah State University,
"Utah State University - Logan, UT",Utah State University,
Utah Water Research Laboratory,Utah Water Research Laboratory,
Virginia Dept. of Environmental Quality,Virginia Dept. of Environmental Quality,
VRM Level Log,VRM Level Log,
WA DNR - Geology,Washington State Department of Natural Resources - Geology Division,
WA DNR - Geology Division,Washington State Department of Natural Resources - Geology Division,
Washington State University,Washington State University,
University of Utah - Department of Civil and Environmental Engineering, University of Utah,
K-water & University of Virginia, University of Virginia, K-water,
National Weather Service - Quad Cities, National Weather Service, National Weather Service - Quad Cities,
Penn State University, Pennsylvania State University,
University of Iowa / Iowa Flood Center, University of Iowa, Iowa Flood Center,
Lehigh University,Lehigh University,
University of Viena, Universität Wien,
University of San diego, University of San Diego,
Universidade Federal de Juiz de Fora,Universidade Federal de Juiz de Fora,
Illinois State Water Survey,Illinois State Water Survey,
Federal University of Rio de Janeiro,Universidade Federal do Rio de Janeiro,
Simon Fraser University,Simon Fraser University,
Arkansas Natural Resources Commission,Arkansas Natural Resources Commission,
Saint Mary's University,Saint Mary's University,
University of Alabama,University of Alabama - Tuscaloosa,
"University of California, Los Angeles","University of California, Los Angeles",
Natural Resource Professionals,Natural Resource Professionals,
KTH Royal Institute of Technology,Royal Institute of Technology,
University of Washington Bothell,University of Washington,
Olin College of Engineering,Franklin W. Olin College of Engineering,
Olin College of Engineering,Franklin W. Olin College of Engineering,
Olin College of Engineering,Franklin W. Olin College of Engineering,
LaLaLa, ,
Utah Valley University,Utah Valley State College,
University of Minnesota,University of Minnesota - Twin Cities Campus.
"IEDA, LDEO, Columbia University",Columbia University,Lamont Doherty Earth Observatory
University of Lausanne,University of Lausanne,
Southern Illinois University Edwardsville,Southern Illinois University at Edwardsville,
NC State,North Carolina State University,
NC State University,North Carolina State University,
North Carolina State Unviersity,North Carolina State University,
NC State,North Carolina State University,
NCSU Geology,North Carolina State University,North Carolina State University,
Arizona State University,Arizona State University
Universidad de Antioquia,Universidad de Antioquia,
University of Washington Applied Physics Laboratory,University of Washington,University of Washington Applied Physics Laboratory
National Research Council of Italy,Consiglio Nazionale delle Ricerche,
University of Saskatchewan,University of Saskatchewan,
BOM,Bureau of Meteorology,
